id,aciklama
0,Detay_0
1,Detay_1
2,Detay_2
3,Detay_3
4,Detay_4
5,Detay_5
6,Detay_6
7,Detay_7
8,Detay_8
9,Detay_9
10,Detay_10
11,Detay_11
12,Detay_12
13,Detay_13
14,Detay_14
15,Detay_15
16,Detay_16
17,Detay_17
18,Detay_18
19,Detay_19
20,Detay_20
21,Detay_21
22,Detay_22
23,Detay_23
24,Detay_24
25,Detay_25
26,Detay_26
27,Detay_27
28,Detay_28
29,Detay_29
30,Detay_30
31,Detay_31
32,Detay_32
33,Detay_33
34,Detay_34
35,Detay_35
36,Detay_36
37,Detay_37
38,Detay_38
39,Detay_39
40,Detay_40
41,Detay_41
42,Detay_42
43,Detay_43
44,Detay_44
45,Detay_45
46,Detay_46
47,Detay_47
48,Detay_48
49,Detay_49
50,Detay_50
51,Detay_51
52,Detay_52
53,Detay_53
54,Detay_54
55,Detay_55
56,Detay_56
57,Detay_57
58,Detay_58
59,Detay_59
60,Detay_60
61,Detay_61
62,Detay_62
63,Detay_63
64,Detay_64
65,Detay_65
66,Detay_66
67,Detay_67
68,Detay_68
69,Detay_69
70,Detay_70
71,Detay_71
72,Detay_72
73,Detay_73
74,Detay_74
75,Detay_75
76,Detay_76
77,Detay_77
78,Detay_78
79,Detay_79
80,Detay_80
81,Detay_81
82,Detay_82
83,Detay_83
84,Detay_84
85,Detay_85
86,Detay_86
87,Detay_87
88,Detay_88
89,Detay_89
90,Detay_90
91,Detay_91
92,Detay_92
93,Detay_93
94,Detay_94
95,Detay_95
96,Detay_96
97,Detay_97
98,Detay_98
99,Detay_99
100,Detay_100
101,Detay_101
102,Detay_102
103,Detay_103
104,Detay_104
105,Detay_105
106,Detay_106
107,Detay_107
108,Detay_108
109,Detay_109
110,Detay_110
111,Detay_111
112,Detay_112
113,Detay_113
114,Detay_114
115,Detay_115
116,Detay_116
117,Detay_117
118,Detay_118
119,Detay_119
120,Detay_120
121,Detay_121
122,Detay_122
123,Detay_123
124,Detay_124
125,Detay_125
126,Detay_126
127,Detay_127
128,Detay_128
129,Detay_129
130,Detay_130
131,Detay_131
132,Detay_132
133,Detay_133
134,Detay_134
135,Detay_135
136,Detay_136
137,Detay_137
138,Detay_138
139,Detay_139
140,Detay_140
141,Detay_141
142,Detay_142
143,Detay_143
144,Detay_144
145,Detay_145
146,Detay_146
147,Detay_147
148,Detay_148
149,Detay_149
150,Detay_150
151,Detay_151
152,Detay_152
153,Detay_153
154,Detay_154
155,Detay_155
156,Detay_156
157,Detay_157
158,Detay_158
159,Detay_159
160,Detay_160
161,Detay_161
162,Detay_162
163,Detay_163
164,Detay_164
165,Detay_165
166,Detay_166
167,Detay_167
168,Detay_168
169,Detay_169
170,Detay_170
171,Detay_171
172,Detay_172
173,Detay_173
174,Detay_174
175,Detay_175
176,Detay_176
177,Detay_177
178,Detay_178
179,Detay_179
180,Detay_180
181,Detay_181
182,Detay_182
183,Detay_183
184,Detay_184
185,Detay_185
186,Detay_186
187,Detay_187
188,Detay_188
189,Detay_189
190,Detay_190
191,Detay_191
192,Detay_192
193,Detay_193
194,Detay_194
195,Detay_195
196,Detay_196
197,Detay_197
198,Detay_198
199,Detay_199
200,Detay_200
201,Detay_201
202,Detay_202
203,Detay_203
204,Detay_204
205,Detay_205
206,Detay_206
207,Detay_207
208,Detay_208
209,Detay_209
210,Detay_210
211,Detay_211
212,Detay_212
213,Detay_213
214,Detay_214
215,Detay_215
216,Detay_216
217,Detay_217
218,Detay_218
219,Detay_219
220,Detay_220
221,Detay_221
222,Detay_222
223,Detay_223
224,Detay_224
225,Detay_225
226,Detay_226
227,Detay_227
228,Detay_228
229,Detay_229
230,Detay_230
231,Detay_231
232,Detay_232
233,Detay_233
234,Detay_234
235,Detay_235
236,Detay_236
237,Detay_237
238,Detay_238
239,Detay_239
240,Detay_240
241,Detay_241
242,Detay_242
243,Detay_243
244,Detay_244
245,Detay_245
246,Detay_246
247,Detay_247
248,Detay_248
249,Detay_249
250,Detay_250
251,Detay_251
252,Detay_252
253,Detay_253
254,Detay_254
255,Detay_255
256,Detay_256
257,Detay_257
258,Detay_258
259,Detay_259
260,Detay_260
261,Detay_261
262,Detay_262
263,Detay_263
264,Detay_264
265,Detay_265
266,Detay_266
267,Detay_267
268,Detay_268
269,Detay_269
270,Detay_270
271,Detay_271
272,Detay_272
273,Detay_273
274,Detay_274
275,Detay_275
276,Detay_276
277,Detay_277
278,Detay_278
279,Detay_279
280,Detay_280
281,Detay_281
282,Detay_282
283,Detay_283
284,Detay_284
285,Detay_285
286,Detay_286
287,Detay_287
288,Detay_288
289,Detay_289
290,Detay_290
291,Detay_291
292,Detay_292
293,Detay_293
294,Detay_294
295,Detay_295
296,Detay_296
297,Detay_297
298,Detay_298
299,Detay_299
300,Detay_300
301,Detay_301
302,Detay_302
303,Detay_303
304,Detay_304
305,Detay_305
306,Detay_306
307,Detay_307
308,Detay_308
309,Detay_309
310,Detay_310
311,Detay_311
312,Detay_312
313,Detay_313
314,Detay_314
315,Detay_315
316,Detay_316
317,Detay_317
318,Detay_318
319,Detay_319
320,Detay_320
321,Detay_321
322,Detay_322
323,Detay_323
324,Detay_324
325,Detay_325
326,Detay_326
327,Detay_327
328,Detay_328
329,Detay_329
330,Detay_330
331,Detay_331
332,Detay_332
333,Detay_333
334,Detay_334
335,Detay_335
336,Detay_336
337,Detay_337
338,Detay_338
339,Detay_339
340,Detay_340
341,Detay_341
342,Detay_342
343,Detay_343
344,Detay_344
345,Detay_345
346,Detay_346
347,Detay_347
348,Detay_348
349,Detay_349
350,Detay_350
351,Detay_351
352,Detay_352
353,Detay_353
354,Detay_354
355,Detay_355
356,Detay_356
357,Detay_357
358,Detay_358
359,Detay_359
360,Detay_360
361,Detay_361
362,Detay_362
363,Detay_363
364,Detay_364
365,Detay_365
366,Detay_366
367,Detay_367
368,Detay_368
369,Detay_369
370,Detay_370
371,Detay_371
372,Detay_372
373,Detay_373
374,Detay_374
375,Detay_375
376,Detay_376
377,Detay_377
378,Detay_378
379,Detay_379
380,Detay_380
381,Detay_381
382,Detay_382
383,Detay_383
384,Detay_384
385,Detay_385
386,Detay_386
387,Detay_387
388,Detay_388
389,Detay_389
390,Detay_390
391,Detay_391
392,Detay_392
393,Detay_393
394,Detay_394
395,Detay_395
396,Detay_396
397,Detay_397
398,Detay_398
399,Detay_399
400,Detay_400
401,Detay_401
402,Detay_402
403,Detay_403
404,Detay_404
405,Detay_405
406,Detay_406
407,Detay_407
408,Detay_408
409,Detay_409
410,Detay_410
411,Detay_411
412,Detay_412
413,Detay_413
414,Detay_414
415,Detay_415
416,Detay_416
417,Detay_417
418,Detay_418
419,Detay_419
420,Detay_420
421,Detay_421
422,Detay_422
423,Detay_423
424,Detay_424
425,Detay_425
426,Detay_426
427,Detay_427
428,Detay_428
429,Detay_429
430,Detay_430
431,Detay_431
432,Detay_432
433,Detay_433
434,Detay_434
435,Detay_435
436,Detay_436
437,Detay_437
438,Detay_438
439,Detay_439
440,Detay_440
441,Detay_441
442,Detay_442
443,Detay_443
444,Detay_444
445,Detay_445
446,Detay_446
447,Detay_447
448,Detay_448
449,Detay_449
450,Detay_450
451,Detay_451
452,Detay_452
453,Detay_453
454,Detay_454
455,Detay_455
456,Detay_456
457,Detay_457
458,Detay_458
459,Detay_459
460,Detay_460
461,Detay_461
462,Detay_462
463,Detay_463
464,Detay_464
465,Detay_465
466,Detay_466
467,Detay_467
468,Detay_468
469,Detay_469
470,Detay_470
471,Detay_471
472,Detay_472
473,Detay_473
474,Detay_474
475,Detay_475
476,Detay_476
477,Detay_477
478,Detay_478
479,Detay_479
480,Detay_480
481,Detay_481
482,Detay_482
483,Detay_483
484,Detay_484
485,Detay_485
486,Detay_486
487,Detay_487
488,Detay_488
489,Detay_489
490,Detay_490
491,Detay_491
492,Detay_492
493,Detay_493
494,Detay_494
495,Detay_495
496,Detay_496
497,Detay_497
498,Detay_498
499,Detay_499
500,Detay_500
501,Detay_501
502,Detay_502
503,Detay_503
504,Detay_504
505,Detay_505
506,Detay_506
507,Detay_507
508,Detay_508
509,Detay_509
510,Detay_510
511,Detay_511
512,Detay_512
513,Detay_513
514,Detay_514
515,Detay_515
516,Detay_516
517,Detay_517
518,Detay_518
519,Detay_519
520,Detay_520
521,Detay_521
522,Detay_522
523,Detay_523
524,Detay_524
525,Detay_525
526,Detay_526
527,Detay_527
528,Detay_528
529,Detay_529
530,Detay_530
531,Detay_531
532,Detay_532
533,Detay_533
534,Detay_534
535,Detay_535
536,Detay_536
537,Detay_537
538,Detay_538
539,Detay_539
540,Detay_540
541,Detay_541
542,Detay_542
543,Detay_543
544,Detay_544
545,Detay_545
546,Detay_546
547,Detay_547
548,Detay_548
549,Detay_549
550,Detay_550
551,Detay_551
552,Detay_552
553,Detay_553
554,Detay_554
555,Detay_555
556,Detay_556
557,Detay_557
558,Detay_558
559,Detay_559
560,Detay_560
561,Detay_561
562,Detay_562
563,Detay_563
564,Detay_564
565,Detay_565
566,Detay_566
567,Detay_567
568,Detay_568
569,Detay_569
570,Detay_570
571,Detay_571
572,Detay_572
573,Detay_573
574,Detay_574
575,Detay_575
576,Detay_576
577,Detay_577
578,Detay_578
579,Detay_579
580,Detay_580
581,Detay_581
582,Detay_582
583,Detay_583
584,Detay_584
585,Detay_585
586,Detay_586
587,Detay_587
588,Detay_588
589,Detay_589
590,Detay_590
591,Detay_591
592,Detay_592
593,Detay_593
594,Detay_594
595,Detay_595
596,Detay_596
597,Detay_597
598,Detay_598
599,Detay_599
600,Detay_600
601,Detay_601
602,Detay_602
603,Detay_603
604,Detay_604
605,Detay_605
606,Detay_606
607,Detay_607
608,Detay_608
609,Detay_609
610,Detay_610
611,Detay_611
612,Detay_612
613,Detay_613
614,Detay_614
615,Detay_615
616,Detay_616
617,Detay_617
618,Detay_618
619,Detay_619
620,Detay_620
621,Detay_621
622,Detay_622
623,Detay_623
624,Detay_624
625,Detay_625
626,Detay_626
627,Detay_627
628,Detay_628
629,Detay_629
630,Detay_630
631,Detay_631
632,Detay_632
633,Detay_633
634,Detay_634
635,Detay_635
636,Detay_636
637,Detay_637
638,Detay_638
639,Detay_639
640,Detay_640
641,Detay_641
642,Detay_642
643,Detay_643
644,Detay_644
645,Detay_645
646,Detay_646
647,Detay_647
648,Detay_648
649,Detay_649
650,Detay_650
651,Detay_651
652,Detay_652
653,Detay_653
654,Detay_654
655,Detay_655
656,Detay_656
657,Detay_657
658,Detay_658
659,Detay_659
660,Detay_660
661,Detay_661
662,Detay_662
663,Detay_663
664,Detay_664
665,Detay_665
666,Detay_666
667,Detay_667
668,Detay_668
669,Detay_669
670,Detay_670
671,Detay_671
672,Detay_672
673,Detay_673
674,Detay_674
675,Detay_675
676,Detay_676
677,Detay_677
678,Detay_678
679,Detay_679
680,Detay_680
681,Detay_681
682,Detay_682
683,Detay_683
684,Detay_684
685,Detay_685
686,Detay_686
687,Detay_687
688,Detay_688
689,Detay_689
690,Detay_690
691,Detay_691
692,Detay_692
693,Detay_693
694,Detay_694
695,Detay_695
696,Detay_696
697,Detay_697
698,Detay_698
699,Detay_699
700,Detay_700
701,Detay_701
702,Detay_702
703,Detay_703
704,Detay_704
705,Detay_705
706,Detay_706
707,Detay_707
708,Detay_708
709,Detay_709
710,Detay_710
711,Detay_711
712,Detay_712
713,Detay_713
714,Detay_714
715,Detay_715
716,Detay_716
717,Detay_717
718,Detay_718
719,Detay_719
720,Detay_720
721,Detay_721
722,Detay_722
723,Detay_723
724,Detay_724
725,Detay_725
726,Detay_726
727,Detay_727
728,Detay_728
729,Detay_729
730,Detay_730
731,Detay_731
732,Detay_732
733,Detay_733
734,Detay_734
735,Detay_735
736,Detay_736
737,Detay_737
738,Detay_738
739,Detay_739
740,Detay_740
741,Detay_741
742,Detay_742
743,Detay_743
744,Detay_744
745,Detay_745
746,Detay_746
747,Detay_747
748,Detay_748
749,Detay_749
750,Detay_750
751,Detay_751
752,Detay_752
753,Detay_753
754,Detay_754
755,Detay_755
756,Detay_756
757,Detay_757
758,Detay_758
759,Detay_759
760,Detay_760
761,Detay_761
762,Detay_762
763,Detay_763
764,Detay_764
765,Detay_765
766,Detay_766
767,Detay_767
768,Detay_768
769,Detay_769
770,Detay_770
771,Detay_771
772,Detay_772
773,Detay_773
774,Detay_774
775,Detay_775
776,Detay_776
777,Detay_777
778,Detay_778
779,Detay_779
780,Detay_780
781,Detay_781
782,Detay_782
783,Detay_783
784,Detay_784
785,Detay_785
786,Detay_786
787,Detay_787
788,Detay_788
789,Detay_789
790,Detay_790
791,Detay_791
792,Detay_792
793,Detay_793
794,Detay_794
795,Detay_795
796,Detay_796
797,Detay_797
798,Detay_798
799,Detay_799
800,Detay_800
801,Detay_801
802,Detay_802
803,Detay_803
804,Detay_804
805,Detay_805
806,Detay_806
807,Detay_807
808,Detay_808
809,Detay_809
810,Detay_810
811,Detay_811
812,Detay_812
813,Detay_813
814,Detay_814
815,Detay_815
816,Detay_816
817,Detay_817
818,Detay_818
819,Detay_819
820,Detay_820
821,Detay_821
822,Detay_822
823,Detay_823
824,Detay_824
825,Detay_825
826,Detay_826
827,Detay_827
828,Detay_828
829,Detay_829
830,Detay_830
831,Detay_831
832,Detay_832
833,Detay_833
834,Detay_834
835,Detay_835
836,Detay_836
837,Detay_837
838,Detay_838
839,Detay_839
840,Detay_840
841,Detay_841
842,Detay_842
843,Detay_843
844,Detay_844
845,Detay_845
846,Detay_846
847,Detay_847
848,Detay_848
849,Detay_849
850,Detay_850
851,Detay_851
852,Detay_852
853,Detay_853
854,Detay_854
855,Detay_855
856,Detay_856
857,Detay_857
858,Detay_858
859,Detay_859
860,Detay_860
861,Detay_861
862,Detay_862
863,Detay_863
864,Detay_864
865,Detay_865
866,Detay_866
867,Detay_867
868,Detay_868
869,Detay_869
870,Detay_870
871,Detay_871
872,Detay_872
873,Detay_873
874,Detay_874
875,Detay_875
876,Detay_876
877,Detay_877
878,Detay_878
879,Detay_879
880,Detay_880
881,Detay_881
882,Detay_882
883,Detay_883
884,Detay_884
885,Detay_885
886,Detay_886
887,Detay_887
888,Detay_888
889,Detay_889
890,Detay_890
891,Detay_891
892,Detay_892
893,Detay_893
894,Detay_894
895,Detay_895
896,Detay_896
897,Detay_897
898,Detay_898
899,Detay_899
900,Detay_900
901,Detay_901
902,Detay_902
903,Detay_903
904,Detay_904
905,Detay_905
906,Detay_906
907,Detay_907
908,Detay_908
909,Detay_909
910,Detay_910
911,Detay_911
912,Detay_912
913,Detay_913
914,Detay_914
915,Detay_915
916,Detay_916
917,Detay_917
918,Detay_918
919,Detay_919
920,Detay_920
921,Detay_921
922,Detay_922
923,Detay_923
924,Detay_924
925,Detay_925
926,Detay_926
927,Detay_927
928,Detay_928
929,Detay_929
930,Detay_930
931,Detay_931
932,Detay_932
933,Detay_933
934,Detay_934
935,Detay_935
936,Detay_936
937,Detay_937
938,Detay_938
939,Detay_939
940,Detay_940
941,Detay_941
942,Detay_942
943,Detay_943
944,Detay_944
945,Detay_945
946,Detay_946
947,Detay_947
948,Detay_948
949,Detay_949
950,Detay_950
951,Detay_951
952,Detay_952
953,Detay_953
954,Detay_954
955,Detay_955
956,Detay_956
957,Detay_957
958,Detay_958
959,Detay_959
960,Detay_960
961,Detay_961
962,Detay_962
963,Detay_963
964,Detay_964
965,Detay_965
966,Detay_966
967,Detay_967
968,Detay_968
969,Detay_969
970,Detay_970
971,Detay_971
972,Detay_972
973,Detay_973
974,Detay_974
975,Detay_975
976,Detay_976
977,Detay_977
978,Detay_978
979,Detay_979
980,Detay_980
981,Detay_981
982,Detay_982
983,Detay_983
984,Detay_984
985,Detay_985
986,Detay_986
987,Detay_987
988,Detay_988
989,Detay_989
990,Detay_990
991,Detay_991
992,Detay_992
993,Detay_993
994,Detay_994
995,Detay_995
996,Detay_996
997,Detay_997
998,Detay_998
999,Detay_999
1000,Detay_1000
